boss_name,afterclass_name,
AARON LOW,Aaron LOW,
AARON YOONG,Aaron YOONG,
AARTHI KANNALAGAN,Aarthi KANNALAGAN,
ADAM GERARD,Adam GERARD,
ADAM TATARYNOWICZ,Adam TATARYNOWICZ,
ADELINE CHONG,Adeline CHONG Swee Ling,
ADELINE CHONG SWEE LING,Adeline CHONG Swee Ling,
ADRIAN CHYE CHOON HOONG,Adrian CHYE Choon Hoong,
ADRIAN WEE,Adrian WEE,
ADRIANA BANOZIC,Adriana BANOZIC,
AIDAN WONG,Aidan WONG,
AJAY KOHLI,Ajay KOHLI,
AJAY MAKHIJA,Ajay MAKHIJA,
AKANKSHA RATH,Akanksha RATH,
AKIKO ITO,Akiko ITO,
AKSHAT KUMAR,Akshat KUMAR,
ALAN HO,Alan HO,
ALAN MEGARGEL,Alan MEGARGEL,
ALAN ZELLER,Alan ZELLER,
ALDY GUNAWAN,Aldy GUNAWAN,
ALEX CHENG,Alex CHENG,
ALEXANDER YEO,Alexander YEO,
ALEXIS CHUN,Alexis CHUN,
ALJOSCHA JANSSEN,Aljoscha JANSSEN,
ALLEN CHONG WEI XUAN,Allen CHONG Wei Xuan,
ALLISON GOH,Allison GOH,
ALOIS WEIGAND,Alois WEIGAND,
ALVIN POH,Alvin POH,
ALVIN SEE WEI LIANG,Alvin SEE Wei Liang,
ALVIN SEE WEI-LIANG,Alvin SEE Wei Liang,
ALVIN TAN,Alvin TAN Yong Joon,
ALVIN TAN YONG JOON,Alvin TAN Yong Joon,
ALWYN LIM,Alwyn LIM,
AMANDA AW YONG ZHI XIN,Amanda AW YONG Zhi Xin,
AMANDA JAKOBSSON,Amanda JAKOBSSON,
AMELIA CHUA,Amelia CHUA,
AMIT BAKSHI,Amit BAKSHI,
AMIT KUMAR,Amit KUMAR,
AN-PING LIN,An-Ping LIN,
ANDREE HARTANTO,Andree HARTANTO,
ANDREW CHIA,Andrew CHIA,
ANDREW CHIN,Andrew CHIN,
ANDREW LEE,Andrew LEE,
ANDREW MIN HAN CHIN,Andrew CHIN,
ANDY SCOTT CHANG,Andy Scott CHANG,
ANG ANN LIANG,ANG Ann Liang,
ANG BOON YEW,ANG Boon Yew,
ANG FUI SIONG,ANG Fui Siong,
ANG SER KENG,ANG Ser Keng,
ANG SOCK TIANG,ANG Sock Tiang,
ANGELA LEUNG,Angela LEUNG,
ANGELA RAY TUMANAN ABALA,Angela Ray Tumanan ABALA,
ANNIE KOH,Annie KOH,
ANNIE NG,Annie NG,
ANNIKA RIEGER,Annika RIEGER,
ANTHONY S. TAY,Anthony S. TAY,
ANTHONY TAY,Anthony S. TAY,
ANTOINE LEDENT,Antoine LEDENT,
ANTONG LIU,Antong LIU,
ARCHAN MISRA,Archan MISRA,
ARCOT DESAI NARASIMHALU,Arcot Desai NARASIMHALU,
ARNE JONNI SUPPE,Arne Jonni SUPPE,
ARNOLD LIM,Arnold LIM,
ARNOUD DE MEYER,Arnoud DE MEYER,
ARPITA KHANNA,Arpita KHANNA,
ARUL OBUCHETTIAR KRISHNARAJ,Arul Obuchettiar KRISHNARAJ,
ARUNESH SINHA,Arunesh SINHA,
ASANKHAYA SHARMA,Asankhaya SHARMA,
ASHISH KUMAR,Ashish KUMAR,
ASHOK KUMAR BALAKRISHNAN,Ashok KUMAR Balakrishnan,
ASHWIN CHARI,Ashwin CHARI,
AU YANG SIAN,AU Yang Sian,
AUGUSTINE PANG,Augustine PANG,
AURELIO GURREA MARTINEZ,Aurelio GURREA MARTINEZ,
AUROBINDO GHOSH,Aurobindo GHOSH,
AZFER ALI KHAN,Azfer ALI Khan,
,Andrew PHANG,
,Atsushi KAJII,
,Augustine HH TAN,
BASHSHUR MICHAEL RAMSAY,Michael Ramsay BASHSHUR,
BEDI PAVNEET SINGH,BEDI Pavneet Singh,
BEI HONG,HONG Bei Hailey,
BENEDICT KOH,Benedict KOH,
BENJAMIN EE,Benjamin Ee,
BENJAMIN GAN,Benjamin GAN,
BENJAMIN GAN KOK SIEW,Benjamin GAN,
BENJAMIN LEE,Benjamin LEE,
BENNETT ONG HONG YANG,Bennett ONG Hong Yang,
BEOMGEUN CHO,Beomgeun CHO,
BERNARD YEE,Bernard YEE,
BHAVANI SHANKER UPPARI,Bhavani Shanker UPPARI,
BIAN XIAOCHEN,BIAN Xiaochen,
BICH JULIE,BICH Julie,
BIN ZHU,Bin ZHU,
BLEDOW RONALD,BLEDOW Ronald,
BRANDON KOH,Brandon KOH,
BRANDON KOH YUAN RUI,Brandon KOH,
BRANDON YIP,Brandon YIP,
BRENDA CHAN,Brenda CHAN,
BRIAN RODRIGUES,Brian RODRIGUES,
BRUCE SCHULBERG,Bruce SCHULBERG,
BRYAN LEOW CHIN SENG,Bryan LEOW Chin Seng,
BUKET AVCI,Buket AVCI,
BURAK OC,Burak OC,
Bart ZHOU,"Yueshen, Bart ZHOU",
,Benjamin EE Kum Chuin,
,Bert DE REYCK,
,Bryce HOOL,
"CALLAHAN, WILLIAM A.","CALLAHAN, William A.",
CAO YIXIN,CAO Yixin,
CAO ZHIGUANG,CAO Zhiguang,
CECIL ANG,Cecil ANG,
CHAM YANWEI,CHAM Yanwei,
"CHAM YANWEI, DERRICK",CHAM Yanwei,
CHAN BOH YEE,CHAN Boh Yee,
CHAN JUNHAO JUSTIN,CHAN Junhao Justin,
CHAN KAY MIN,CHAN Kay Min,
CHAN SOON HUAT,CHAN Soon Huat,
CHAN WENJIE,Chan Wenjie,
CHAN WING CHEONG,CHAN Wing Cheong,
CHAN ZHENG WEN SAMUEL,CHAN Zheng Wen Samuel,
CHANDRA MOHAN,Chandra MOHAN,
CHANDRAN KUKATHAS,Chandran KUKATHAS,
CHANG PAO LI,CHANG Pao Li,
CHANG PAO-LI,CHANG Pao Li,
CHANG WEN YEE,CHANG Wen Yee,
CHANG XI WEN JACQUELINE,CHANG Xi Wen Jacqueline,
"CHANG, HYE SUN","CHANG, Hye Sun",
CHARLENE CHIA,Charlene CHIA,
CHARLES CHEN,Charles Chen,
CHARLES LI,Charles LI,
CHARLES PHUA CHAO RONG,Charles PHUA Chao Rong,
CHARLIE WENG,Charlie WENG,
CHARLOTTE SCHUSTER,Charlotte SCHUSTER,
CHARLOTTE SETIJADI,Charlotte SETIJADI,
CHARMAYNE HIGHFIELD,Charmayne Highfield,
CHAY JUNXING,CHAY Junxing,
CHEE YOH CHUANG,CHEE Yoh Chuang,
CHEN CHIH-YING,CHEN Chih-Ying,
CHEN DACHUAN,CHEN Dachuan,
CHEN JIANLIN,CHEN Jianlin,
CHEN JINGQIU,CHEN Jingqiu,
CHEN LEI,CHEN Lei,
CHEN LIANG,CHEN Liang,
CHEN LIXIN,CHEN Lixin,
CHEN SIYUAN,CHEN Siyuan,
CHEN XIA,CHEN Xia,
CHEN XIN,Xin CHEN,
CHENG CHENG,CHENG Cheng,
CHENG CHI-YING,CHENG Chi-Ying,
CHENG NAM SANG,CHENG Nam Sang,
CHENG NIEN YUAN,CHENG Nien Yuan,
CHENG QIANG,CHENG Qiang,
CHENG SHIH-FEN,CHENG Shih-Fen,
CHENG YAM SAN,CHENG Yam San,
CHEUNG HO YEUNG,CHEUNG Ho Yeung,
CHEW MUN YEW,CHEW Mun Yew,
CHEW PING LIN,CHEW Ping Lin,
CHEW SOON GEK,CHEW Soon Gek,
CHIA CHEN WEI,CHIA Chen Wei,
CHIA CHONG CHER,CHIA Chong Cher,
CHIN HUI LING JOSEPHINE,CHIN Hui Ling Josephine,
CHIRAPHOL NEW CHIYACHANTANA,Chiraphol New CHIYACHANTANA,
CHNG SHUQI,CHNG Shuqi,
CHNG WEI YAO,Kenny CHNG,
"CHNG WEI YAO, KENNY",Kenny CHNG,
CHO BEOMGEUN,Beomgeun CHO,
CHO ZI EN,CHO Zi En,
"CHO ZI EN, SHAWN",CHO Zi En,
"CHO, YOUNG JUN","CHO, Young Jun",
CHOI MING HANG,Andy CHOI,
CHONG KAI SHENG,CHONG Kai Sheng,
CHONG WEN HAW,CHONG Wen Haw,
CHONG YIN TENG,CHONG Yin Teng,
CHOW HWEE KWAN,CHOW Hwee Kwan,
CHOW KEAT YENG,CHOW Keat Yeng,
CHOW KONG MING,CHOW Kong Ming,
CHOW WAI FONG,CHOW Wai Fong,
CHOW WAI KEONG,CHOW Wai Keong,
CHOW ZI EN,CHOW Zi En,
CHOY KEEN MENG,CHOY Keen Meng,
CHRIS DU PLESSIS,Chris DU PLESSIS,
CHRIS POSKITT,Chris POSKITT,
CHRIS TAN,Chris TAN,
CHRIS TAN KOK KEE,Chris TAN,
CHRISTINA TEO,Christina TEO,
CHRISTINE DUNN HENDERSON,Christine Dunn HENDERSON,
CHRISTINE HO,Christine HO,
CHRISTINE LEE,Christine LEE,
CHRISTOPH TREUDE,Christoph TREUDE,
CHRISTOPHER KHOR,Christopher KHOR,
CHUA CHELEEN,CHUA Cheleen,
CHUA HONG NGOH,CHUA Hong Ngoh,
CHUA TESS,CHUA Tess,
CHUA WAN RONG,CHUA Wan Rong,
CHUCK NG,Chuck NG,
CLAIRE TAN LEE FANG,Claire TAN Lee Fang,
CLARENCE FU,Clarence FU,
CLARENCE GOH,Clarence GOH,
CLEMENS OTTO,Clemens OTTO,
CLEMENT ONG,Clement ONG,
CLEMENT TOH,Clement TOH,
COLIN TAN,Colin TAN,
COLM FOX,Colm FOX,
COREY MANDERS,Corey MANDERS,
CRAMA PASCALE,CRAMA Pascale,
CUSTORIO REDGIE SAYAPAD,Custorio Redgie SAYAPAD,
CYNDI ZHANG MAN,"ZHANG Man, Cyndi",
CYNTHIA TAN GUAN HIANG,Cynthia TAN Guan Hiang,
DAI BING TIAN,DAI Bing Tian,
DAN MA,Dan MA,
DAN W. PUCHNIAK,Dan W. PUCHNIAK,
DANIEL CHAN,Daniel CHAN,
DANIEL LIN,Daniel LIN,
DANIEL LIU,Daniel LIU,
DANIEL MACK,Daniel MACK,
DANIEL MARTIN KATZ,Daniel Martin KATZ,
DANIEL PREVE,Daniel PREVE,
DANIEL SEAH,Daniel SEAH,
DANIEL SOH,Daniel SOH,
DANIEL TAN,Daniel TAN,
DAPHNE YIU,Daphne YIU,
DARIUS CHAN,Darius CHAN,
DARLENE MACHELL ESPENA,Darlene Machell ESPENA,
DARYL AW,Daryl AW,
DAVID CHAN,David CHAN,
DAVID CHAN CHIN TUONG,David CHAN,
DAVID DING,David DING,
DAVID FERNANDEZ,David FERNANDEZ,
DAVID GOMULYA,"GOMULYA, David",
DAVID LLEWELYN,David LLEWELYN,
DAVID LO,David LO,
DAVID OCON,David OCON,
DAVID SAMUEL,David SAMUEL,
DAVIN WANG,Davin WANG,
DEAN DULAY,Dean DULAY,
DEARTH MATTHEW LOUIS,Dearth Matthew LOUIS,
DEBANJALI ROY,Debanjali Roy,
DEBIN GAO,Debin GAO,
DEBORAH KOH,Deborah KOH,
DEMEESTER LIEVEN,DEMEESTER Lieven,
DENG YANG,DENG Yang,
DENIS LEUNG,Denis LEUNG,
DENNIS NG,Dennis NG,
DERRICK KON,Derrick KON,
DERRICK NG,Derrick NG,
DESAI ARCOT NARASIMHALU,Arcot Desai NARASIMHALU,
DESMICHT ROXANE,Roxane DESMICHT,
DESMOND WONG YI MING,Desmond WONG Yi Ming,
DEVASHEESH BHAVE,Devasheesh P. BHAVE,
DEVASHEESH P. BHAVE,Devasheesh P. BHAVE,
DEVATHAS SATIANATHAN,Devathas SATIANATHAN,
DEVIN JOSHI,"JOSHI, Devin",
DEYA SHANKAR DUBEY,DEYA Shankar Dubey,
DHIRAJ G CHAINANI,DHIRAJ G Chainani,
DING XUHUA,DING Xuhua,
DJORDJE ZIKELIC,Djordje ZIKELIC,
DO THIERRY,Do THIERRY,
DON CHEN,Don CHEN,
DON CHEN JIAQING,Don CHEN,
DON HO JIA HAO,Don HO Jia Hao,
DONALD FERRIN,Donald FERRIN,
DORCAS QUEK,"QUEK Anderson, Dorcas",
DOU LIYU,DOU Liyu,
DUAN YUE,DUAN Yue,
DUNCAN LIM LIANG WEI,Duncan LIM Liang Wei,
,Don TA,
EDEN LI,Eden LI,
EDGAR LOW SWEE NGEE,Edgar LOW Swee Ngee,
EDISON TAN,Edison TAN,
EDMUND NG TOCK SOON,Edmund NG Tock Soon,
EDMUND TAN,Edmund TAN,
EDWARD TI,Edward TI,
EDWIN CHOI CHIK WAN,Edwin Choi Chik WAN,
EKKEHART BOEHMER,Ekkehart BOEHMER,
ELGIN TAY,Elgin TAY,
ELIZABETH SU,Elizabeth SU,
EMILIANO PAGNOTTA,Emiliano PAGNOTTA,
EMILY SOON,Emily SOON,
EMMA JARMAN-JONES,Emma JARMANJONES,
EMMA JARMANJONES,Emma JARMANJONES,
ER JWEE PING,ER Jwee Ping,
ERIC FESSELMEYER,Eric FESSELMEYER,
ERIC GOH,Eric GOH,
ERIC TIN,Eric TIN,
ERIC YEE,Eric YEE,
ERIC YEE SHIN CHONG,Eric YEE,
ERIK WIDJAJA,Erik WIDJAJA,
ERNST CHRISTIAAN OSINGA,Ernst Christiaan OSINGA,
ESTHER SONG YIK SAN,Esther SONG Yik San,
EUGENE TAN KHENG BOON,Eugene TAN Kheng Boon,
EUGENE TUNG,Eugene TUNG,
EVA KATHARINA PETERS,Eva Katharina PETERS,
,Eddie TEO,
,Elena ZILIOTTI,
FANG BINGXU,FANG Bingxu,
FANG XIN,FANG Xin,
FANG YUAN,FANG Yuan,
FARHANA NGIENG,Farhana NGIENG,
FAROOQ JAMIL ALVI,Farooq Jamil ALVI,
FENG GUIYUN,FENG Guiyun,
FENNY ANG,Fenny ANG,
FERMIN DIEZ,Fermin DIEZ,
FERNANDEZ CLAUDINE JEAN,Fernandez Claudine JEAN,
FILIP LIEVENS,"LIEVENS, Filip",
FIONA CLARE WILLIAMSON,Fiona Clare WILLIAMSON,
FIONA LEE,Fiona LEE,
FIONA NAH,"NAH, Fiona Fui-Hoon",
FONG WEI LI,FONG Wei Li,
FOO CHEE HOCK,FOO Chee Hock,
FOO SEE LIANG,FOO See Liang,
FOONG SHAOHUI,FOONG Shaohui,
FORREST ZHANG QIAN,Q Forrest ZHANG,
FRANCES YAPING WANG,Frances Yaping WANG,
FRANCESCA BENVENUTI,Francesca BENVENUTI,
FRANCIS CHAN,Francis CHAN,
FRANCIS PAVRI,Francis PAVRI,
FRANCOIS BRETAULT,Francois BRETAULT,
FRANK OH SHENG LOONG,Frank OH Sheng Loong,
FRANK SIEGFRIED,Frank SIEGFRIED,
FRED LEUNG,Fred LEUNG,
FREDERICK SIM,Frederick SIM,
FU FANGJIAN,FU Fangjian,
FUN WEI XUAN,FUN Wei Xuan,
"FUN WEI XUAN, JOEL",FUN Wei Xuan,
FWA HUA LEONG,FWA Hua Leong,
,Francis KOH,
GABRIYEL WONG,Gabriyel WONG,
GAN CHUI GOH,GAN Chui Goh,
"GAN YOKE WAH, KAREN","GAN Yoke Wah, Karen",
GAO WEI,Wei GAO,
GAO YANG,GAO Yang,
"GAO, YINI","GAO, Yini",
GARY CHAN KOK YEW,Gary CHAN Kok Yew,
GARY GREGURAS,Gary J. GREGURAS,
GARY J. GREGURAS,Gary J. GREGURAS,
GARY LOW YU KAI,Gary LOW Yu Kai,
GARY PAN,Gary PAN,
GEA M. LEE,Gea M. LEE,
GENG XUESONG,GENG Xuesong,
GEOFFREY DA SILVA,Geoffrey da SILVA,
GEORGE WONG,George WONG,
GERALD FOONG,Gerald FOONG,
GERALD SEAH,Gerald SEAH,
GERARD GEORGE,Gerard GEORGE,
GERMAINE TAY,Germaine TAY,
GEROME GOH,Gerome GOH,
GERRY GEORGE,Gerard GEORGE,
GILAINE NG RUI,Gilaine NG Rui,
GILBERT TAN,Gilbert TAN,
GILBERT TAN YIP WEI,Gilbert TAN,
GIOVANNI KO,Giovanni KO,
GLENN LOH,Glenn LOH,
GLORIA YU,Gloria YU,
GOBINATHAN NAIR,Gobinathan NAIR,
GOH BENG WEE,GOH Beng Wee,
,GOH Ban Eng,
GOH KIAN THONG,GOH Kian Thong,
"GOH KIAN THONG, KEN",GOH Kian Thong,
GOH SHAO HUNG,GOH Shao Hung,
GOH SIONG THYE,GOH Siong Thye,
GOH YIHAN,GOH Yihan,
"GOH, JING RONG","GOH, Jing Rong",
GOKHAN ERTUG,Gokhan ERTUG,
"GOMULYA, DAVID","GOMULYA, David",
GONG ZIAN,GONG Zian,
GORDON PERCHTHOLD,Gordon PERCHTHOLD,
GRACE FAN,Grace FAN,
GRACE THAM WEI PING,Grace THAM Wei Ping,
GRAHAM JOSEPH NG HOCK KENG,Graham Joseph NG HOCK KENG,
GREGORY SHAFFER,Gregory SHAFFER,
GUAN ZHENKE,Guan ZHENKE,
GUANSONG PANG,Guansong PANG,
GUO YANRU,GUO Yanru,
GUO ZHILING,GUO Zhiling,
GURDIP SINGH,Gurdip Singh,
GWENDOLINE ANNE LIM SIU KIAO,Gwendoline LIM,
GWENDOLINE LIM,Gwendoline LIM,
HADY W. LAUW,Hady W. LAUW,
HADY WIRAWAN LAUW,Hady W. LAUW,
HAESOO PARK,PARK Haesoo,
HAEWOON KWAK,Haewoon KWAK,
HAIYANG XUE,"XUE, Haiyang",
HAMMERTON MATTHEW,HAMMERTON Matthew,
HAN JIN KYUNG,Jin K HAN,
HAN MINJU,HAN Minju,
HANA ALHADAD,Hana ALHADAD,
HANNAH CHANG HANWEN,Hannah H. CHANG,
HANNAH H. CHANG,Hannah H. CHANG,
HANOI LOK,LOK Ha Noi,
HAO LIANG,Hao LIANG,
HARA KOTARO,"HARA, Kotaro",
"HARA, KOTARO","HARA, Kotaro",
HARJIT KAUR,Harjit KAUR,
HAZEL THENG,Hazel THENG,
HE FAN,HE Fan,
HE JIANZHONG,HE Jianzhong,
HE SHENGFENG,HE Shengfeng,
HELEN ZHOU YANGFANG,Yangfang (Helen) Zhou,
HENG WANG,Heng WANG,
HENRIK SORNN-FRIESE,Henrik SORNNFRIESE,
HENRIK SORNNFRIESE,Henrik SORNNFRIESE,
HENRY GAO,Henry GAO,
HIMANSHU TAMBE,Himanshu TAMBE,
HIMANSHU VINAY TAMBE,Himanshu TAMBE,
HIRO SAITO,Hiro SAITO,
HO GIAK PIK,HO Giao Pik,
HO GIAO PIK,HO Giao Pik,
HO JACK YONG,HO Jack Yong,
HO KONG WENG,HO Kong Weng,
HO PEY YANN,HO Pey Yann,
HO SHENG CHAO,HO Sheng Chao,
HO SIAU TINN,HO Siau Tinn,
HOANG BICH PHUONG,HOANG Bich Phuong,
HOE SIU LOON,HOE Siu Loon,
HOE SU FERN,HOE Su Fern,
HOLLY YANG,Holly YANG,
HONG BEI HAILEY,HONG Bei Hailey,
HONG JIAQI,HONG Jiaqi,
"HONG, JIAQI",HONG Jiaqi,
HOON HIAN TECK,HOON Hian Teck,
,HOON Hian Teck,
HSU CHIEH,HSU Chieh,
HSU WEN-TAI,HSU Wen-Tai,
HU JIANFENG,HU Jianfeng,
HU NAIYUAN,HU Naiyuan,
HU NAN,HU Nan,
HU ZIHAN,HU Zihan,
"HU, NAIYUAN",HU Naiyuan,
HUANG DASHAN,HUANG Dashan,
HUANG FALI,HUANG Fali,
HUANG SHAOQING,HUANG Shaoqing,
HUANG ZHIWU,HUANG Zhiwu,
HULYA KARAMAN,Hulya KARAMAN,
HUO YINTONG,HUO Yintong,
HUYNH BAO TAN,HUYNH Bao Tan,
HYE SUN CHANG,"CHANG, Hye Sun",
,Howard HUNTER,
,Howard THOMAS,
IAN CHAI,Ian CHAI,
IAN MAH,Ian MAH,
IAN PHANG,Ian PHANG,
IAN WONG HONG,Ian WONG Hong,
ICS INSTRUCTORS,ICS INSTRUCTORS,
IJLAL NAQVI,Ijlal NAQVI,
ILYA CUYPERS,Ilya CUYPERS,
IONA HYOJUNG LEE,Iona Hyojung LEE,
ISHANI MUKHERJEE,Ishani MUKHERJEE,
ISMAIL BAYDUR,Ismail BAYDUR,
IVY CHAN TSU AI,Ivy CHAN Tsu Ai,
IVY LAU,Ivy LAU,
JACIE LIM LI ZHEN,Jacie LIM Li Zhen,
JACINTH TAN,Jacinth TAN,
JACK HONG,Jack HONG,
JACK HONG JIAJUN,Jack HONG,
JACQUELINE HO,Jacqueline HO,
JAMES ANTHONY ALLWORTH,James Anthony ALLWORTH,
JAMES HARRIS,James HARRIS,
JAMES KOH BOON YONG,James KOH Boon Yong,
JAMES LEE,James LEE,
JANE LOO,Jane LOO,
JANG MINKWANG,JANG Minkwang,
JANSEN AW,Jansen AW,
JARED NAI,Jared NAI,
JARED POON,Jared POON,
JARED POON JUN KEAT,Jared POON,
JARRET HUANG,Jarret HUANG,
JASMINE LAU,Jasmine LAU,
JASON CHAN,Jason CHAN,
JASON CHUI,Jason CHUI,
JASON GRANT ALLEN,Jason Grant ALLEN,
JAY WONG,Jay WONG,
JAYESH AVLANI,Jayesh AVLANI,
JEAN CHEN YUN-CHEN,Jean CHEN Yunchen,
JEAN CHEN YUNCHEN,Jean CHEN Yunchen,
JEAN CHUA SIEW BIN,Jean CHUA Siew Bin,
JENNIFER LIM,Jennifer LIM,
JEREMY AU,Jeremy AU,
JEREMY GOH,Jeremy GOH,
JERROLD SOH,Jerrold SOH,
JERRY LIM,Jerry LIM,
JESLYN TAN,Jeslyn TAN,
JESLYN TAN SIOK HONG,Jeslyn TAN,
JESUDEVAN VIVEGANANDAM,Jesudevan VIVEGANANDAM,
JIA LI,Jia LI,
JIANG JING,Jing JIANG,
JIANG JUNQIU,JIANG Junqiu,
JIANG KE-YUE,JIANG Keyue,
JIANG KEYUE,JIANG Keyue,
JIANG LINGXIAO,JIANG Lingxiao,
JIANG MING,JIANG Ming,
JIANG WEI,JIANG Wei,
JIANHUAN XU,XU Jianhuan,
JIAO YANG,JIAO Yang,
JIMMY LEE,Jimmy LEE,
JIMMY LEE KIAT BEE,Jimmy LEE,
JIN K HAN,Jin K HAN,
JIN SAINAN,JIN Sainan,
JING JIANG,Jing JIANG,
JING RUNTIAN,JING Runtian,
JISUN AN,Jisun AN,
JOANN LIEW YAH LING,Joann LIEW Yah Ling,
JOANNE KOO HSIAW LYN,Joanne KOO Hsiaw Lyn,
JOANNE TAN,Joanne TAN,
"JOANNE, SU YIN YOONG",SU Yin Yoong,
JOCHEN REB,Jochen REB,
JOE ZHANG,Joe ZHANG,
JOE ZHANG ZHE,Joe ZHANG,
JOEL CHNG,Joel CHNG,
JOEL GN,Joel GN,
JOELLE ELMALEH,Joelle ELMALEH,
JOHANN ANNUAR,Johann ANNUAR,
JOHN A DONALDSON,John A DONALDSON,
JOHN ANDREW DONALDSON,John A DONALDSON,
JOHN ANTONY,John ANTONY,
JOHN LOWE,John LOWE,
JOHN MARTIN SEQUEIRA,John SEQUEIRA,
JOHN SEQUEIRA,John SEQUEIRA,
JOHNSON POH,Johnson POH,
JOLYN ANG,Jolyn ANG,
JON QUAH,Jon QUAH,
JONATHAN DAVID CHASE,Jonathan David CHASE,
JONATHAN TEE,Jonathan TEE,
JORG DIETZEL,Jorg DIETZEL,
JOSEPH LIM,Joseph LIM,
JOSEPHINE KANG,Josephine KANG,
JOSEPHINE KANG POH TIN,Josephine KANG,
JOSEPHINE SEAH,Josephine SEAH,
JOSEPHINE TAN,Josephine TAN,
JOSEPHINE TAN HUIPING,Josephine TAN,
JOSH NG,Josh NG,
"JOSHI, DEVIN","JOSHI, Devin",
JOSHUA LUCZAK,"LUCZAK, Joshua",
JOSHUA THONG,Joshua THONG,
JOSHUA THONG ZHENG JIE,Joshua THONG,
JOYCE LOW MEI WAN,Joyce LOW Mei Wan,
JUDE KURNIAWAN,Jude Kurniawan,
JUDY TAN,Judy TAN,
JULYN KANG,Julyn KANG,
JUNG KYUN KIM,KIM Jung Kyun,
JUNGHO LEE,Jungho LEE,
JUNJI SUMITANI,Junji SUMITANI,
JUSTIN YEO,Justin YEO,
JUSTUS WEE,Justus WEE,
JUSTYN OLBY,Justyn OLBY,
,Josephine ZHOU,
,Joshua GREENE,
KAM TIN SEONG,KAM Tin Seong,
KAM WAI WARREN BARTHOLOMEW CHIK,Warren B. CHIK,
KAN HWA HENG,KAN Hwa Heng,
KAN SIEW NING,KAN Siew Ning,
"KANG, JIYEON","KANG, Jiyeon",
KANNAN KARTHIKEYAN,KANNAN Karthikeyan,
KAPIL TULI,Kapil TULI,
KAREN GAN,"GAN Yoke Wah, Karen",
KARTHIKEYAN KANNAN,KANNAN Karthikeyan,
KATHERINE YUEN,Katherine YUEN,
KAUSHIK GHATAK,Kaushik GHATAK,
KE JINGHAO,KE Jinghao,
KE PING FAN,KE Ping Fan,
KELLY NGO,Kelly NGO,
KELVIN CHNG,Kelvin CHNG,
KEN CHIA,Ken CHIA,
KENDALL TAN,Kendall TAN,
KENNETH GOH,Kenneth GOH,
KENNETH LIM,Kenneth LIM,
KENNETH TAI,Kenneth TAI,
KENNETH TAN,Kenneth TAN,
KENNY CHNG,Kenny CHNG,
KENNY YANG,Kenny YANG,
KEVIN CHEONG,Kevin CHEONG,
KEVIN LEE,Kevin LEE,
KEVIN YONG,Kevin YONG,
KEZIAH SIMON,Keziah SIMON,
KHEK QUN,Khek QUN,
KHOO HOCK SENG,KHOO Hock Seng,
KIM JUNG KYUN,KIM Jung Kyun,
KIM JUNG-BAE,"KIM, Jungbae",
KIM JUNGHAN,KIM Junghan,
KIM MIN KYUNG,KIM Min Kyung,
KIM SEONGHOON,KIM Seonghoon,
"KIM, JUNGBAE","KIM, Jungbae",
KIMIN EOM,Kimin EOM,
KIRTI HARNAL,Kirti HARNAL,
KIRUTHIKA RAMANATHAN,Kiruthika RAMANATHAN,
"KO, YEA HEE","KO, Yea Hee",
KOH ANDREW,"KOH, Andrew",
KOH BOON TIONG DAVID,KOH Boon Tiong David,
KOH CHAIK MING,KOH Chaik Ming,
KOH CHUAN LEONG,KOH Chuan Leong,
KOH HOCK TEE,KOH Hock Tee,
KOH KWAN CHIN,KOH Kwan Chin,
KOH NIAK WU,KOH Niak Wu,
KOH SEE BIN,KOH See Bin,
KOH WEE LENG,KOH Wee Leng,
"KOH, ANDREW","KOH, Andrew",
KOSMAS MARINAKIS,Kosmas MARINAKIS,
KSENIA TATARCHENKO,Ksenia TATARCHENKO,
KUMAR ABHISHEK,Kumar ABHISHEK,
KWAMI COLEMAN,Kwami COLEMAN,
KWOK SAI HANG,KWOK Sai Hang,
KWONG KOON SHING,KWONG Koon Shing,
KYLE LEE,Kyle LEE,
KYONG JIN SHIM,Kyong Jin SHIM,
KYRIAKOS MOURATIDIS,Kyriakos MOURATIDIS,
,Kenneth BENOIT,
LAM SAN LING,LAM San Ling,
LANX GOH,Lanx GOH,
LAU HOONG CHUIN,LAU Hoong Chuin,
LAU KAH HEE,LAU Kah Hee,
LAU KWAN HO,LAU Kwan Ho,
LAU MENG YAN,LAU Meng Yan,
LAU YI MENG,LAU Yi Meng,
LAURA LEE HSIU-HEE,Laura LEE Hsiuhee,
LAURA LEE HSIUHEE,Laura LEE Hsiuhee,
LEE BOON CHUAN,LEE Boon Chuan,
LEE CHIA MING,LEE Chia Ming,
LEE GEA MYOUNG,Gea M. LEE,
LEE GEOK LIAN,LEE Geok Lian,
LEE GUAN LIU,LEE Guan Liu,
LEE HUEY WOON,LEE Huey Woon,
LEE KA SING,LEE Ka Sing,
LEE KOK THONG,LEE Kok Thong,
LEE MIN HUN,"LEE, Min",
LEE PEY WOAN,LEE Pey Woan,
LEE PUI YEE,Michelle P LEE,
"LEE PUI YEE, MICHELLE",Michelle P LEE,
LEE SIEW YAN AGNES,LEE Siew Yan Agnes,
LEE WEEN JIANN,LEE Ween Jiann,
LEE WEI EN,LEE Wei En,
"LEE WEI EN, JOSEPH",LEE Wei En,
LEE YEOW LEONG,LEE Yeow Leong,
LEE YUN,"LEE, Yun",
LEE ZHAO MING,LEE Zhao Ming,
"LEE ZHAO MING, KELVIN",LEE Zhao Ming,
"LEE, MIN","LEE, Min",
"LEE, YUN","LEE, Yun",
LEO ZHI WEI,LEO Zhi Wei,
LEON XU,LEON Xu,
LEONARD LEE,Leonard LEE,
LEONARD TAN,Leonard TAN,
LEONARDO BORLINI,Leonardo BORLINI,
LEONG PIK YIN,Leong Pik YIN,
LEONG WENG TAT,Leong Weng TAT,
LESTER SIM,Lester SIM,
LESTER SIM WEI XIANG,Lester SIM,
LI HAO,LI Hao,
LI JIA,Jia LI,
LI JIANGTAO,LI Jiangtao,
LI JIANNAN,LI Jiannan,
LI JIN,LI Jin,
LI JING,LI Jing,
LI LINYI,LI Linyi,
LI YUCHEN,LI Yuchen,
LI ZHIZE,Zhize LI,
LIANDONG ZHANG,Liandong ZHANG,
LIAO LIZI,LIAO Lizi,
"LIEVENS, FILIP","LIEVENS, Filip",
LIEW DOMINIC JUNIOR,LIEW Dominic Junior,
LIEW SING LOON,LIEW Sing Loon,
LIEW YAH LING,Joann LIEW Yah Ling,
LILY KONG,Lily KONG,
LIM CHEE YEOW,LIM Chee Yeow,
LIM CHON PHUNG,LIM Chon Phung,
LIM CHONG BOON DENNIS,LIM Chong Boon Dennis,
LIM EE PENG,LIM Ee Peng,
LIM EE-PENG,LIM Ee Peng,
LIM HOW KHANG,LIM How Khang,
LIM KIAN GUAN,LIM Kian Guan,
LIM LEON GIM,LIM Leon Gim,
LIM SEE CHEN,LIM See Chen,
LIM SOO PING,LIM Soo Ping,
LIM YI HAO,LIM Yi Hao,
LIM YI SHENG,LIM Yi Sheng,
LIM YUN FONG,LIM Yun Fong,
,"LIM, Elvin",
LIN CHUNLONG,LIN Chunlong,
LIN MEI,LIN Mei,
LIN PENGKAI,LIN Pengkai,
LIN XIUXIA,LIN Xiuxia,
LINDY ONG,Lindy ONG,
LING CHIA YEN,LING Chia Yen,
LINNY NG,Linny NG,
LIONEL CHOK,Lionel CHOK,
LIONEL LEO,Lionel LEO,
LIU HAN-WEI,LIU Han-Wei,
LIU JIAQI,LIU Jiaqi,
LIU KOOI LIN EVELYN,LIU Kooi Lin Evelyn,
LIU KUNG-CHUNG,LIU Kung-Chung,
LIU NENGYE,LIU Nengye,
LIU PENG,LIU Peng,
LIU SHENG,Nicholas LIU,
"LIU SHENG, NICHOLAS",Nicholas LIU,
LIU SHEW FAN,LIU Shew Fan,
LO CHUNG HENG HARRY,LO Chung Heng Harry,
LO SIAW LING,LO Siaw Ling,
LOCKNIE HSU,Locknie HSU,
LOH SONG-EN,LOH Songen,
LOH SONG-EN SAMUEL,LOH Songen,
"LOH SONG-EN, SAMUEL",LOH Songen,
LOH SONGEN,LOH Songen,
LOH WEI TING,LOH Wei Ting,
LOK HA NOI,LOK Ha Noi,
LOKE MICHELLE,LOKE Michelle,
LOO KHEE SHENG,LOO Khee Sheng,
LOO WEE LING,LOO Wee Ling,
"LOU, YUN","LOU, Yun",
LOUIS LAU,Louis LAU,
LOW BEE HONG,LOW Bee Hong,
LOW CHEE SENG,LOW Chee Seng,
LOW CHIN HENG,LOW Chin Heng,
LOW JIA NA,LOW Jia Na,
LOW KEE YANG,LOW Kee Yang,
LOW SIOW MENG,LOW Siow Meng,
LU HUIYI,LU Huiyi,
LU LIN,LU Lin,
LU MING,LU Ming,
"LUCZAK, JOSHUA","LUCZAK, Joshua",
LUI HOE KEONG,LUI Hoe Keong,
LUKE NOTTAGE,Luke NOTTAGE,
LUM ENG KIT,LUM Eng Kit,
LUO SHIXIN,LUO Shixin,
LUSHNA NEENA GODHIA,Lushna Neena GODHIA,
LUTHER CHAN,Luther CHAN,
LYNETTE WAN,Lynette WAN,
,Larry HAVERKAMP,
MA DAN,Dan MA,
MA DONG,MA Dong,
MA KHENG MIN,MA Kheng Min,
MA LIN,MA Lin,
MA NANG LAIK,MA Nang Laik,
MA PENGFEI,MA Pengfei,
MA WEIYI,MA Weiyi,
MA YANLING,MA Yanling,
MA YUNSHAN,MA Yunshan,
MAAIKE DOYER,Maaike DOYER,
MAARTJE DE VISSER,Maartje DE VISSER,
MABEL TAN CHAI LIN,Mabel TAN Chai Lin,
MADHAV SHRIHARI ANEY,Madhav Shrihari ANEY,
MAH SUYUN,MAH Suyun,
MAHESH GOEL,Mahesh GOEL,
MAI ANH TIEN,MAI Anh Tien,
MAITREYEE MUKHERJEE,Maitreyee MUKHERJEE,
MALAVIKA JAYARAM,Malavika JAYARAM,
MANDY THAM,"THAM, Tze Minn Mandy",
MANOJ THULASIDAS,Manoj THULASIDAS,
MARCUS ANG TECK MENG,Marcus ANG Teck Meng,
MARGARET ZHU,Margaret ZHU,
MARIAM GOTSIRIDZE,Mariam GOTSIRIDZE,
MARIJO ROMERO,Marijo ROMERO,
MARION TEO,Marion TEO,
MARK CHONG,Mark CHONG,
MARK CHONG YIEW KIM,Mark CHONG,
MARK FINDLAY,Mark FINDLAY,
MARK MCLAUGHLIN,Mark MCLAUGHLIN,
MARKO PITESA,Marko PITESA,
MARTIN IVERSEN,Martin IVERSEN,
MASSIMILIANO LANDI,Massimiliano LANDI,
MATEJA DUROVIC,Mateja DUROVIC,
MATHILDE MECHLING,Mathilde MECHLING,
MATTHEW SHAPIRO,Matthew SHAPIRO,
MATTHIAS TIETZ,Matthias TIETZ,
MAUREEN ONG,Maureen ONG,
MAX WONG,Max WONG,
MEERA RADHAKRISHNAN,Meera RADHAKRISHNAN,
MEHDI NAMAZIE,Mehdi NAMAZIE,
MEI YUAN,MEI Yuan,
MEICHUN LIN,Meichun LIN,
MELISSA NG,Melissa NG,
MELVIN SIM,Melvin SIM,
MELVYN CHEW,Melvyn CHEW,
MELVYN TEO,Melvyn TEO,
MEREDITH SOH,Meredith SOH,
MICHAEL GENKIN,Michael GENKIN,
MICHAEL RAMSAY BASHSHUR,Michael Ramsay BASHSHUR,
MICHAEL SCHAERER,Michael SCHAERER,
MICHELLE CHEONG,Michelle CHEONG,
MICHELLE CHEONG LEE FONG,Michelle CHEONG,
MICHELLE KAN,Michelle KAN,
MICHELLE LIM,Michelle LIM,
MICHELLE LIM SI JIA,Michelle LIM,
MICHELLE SESHAN RAMASWAMI,Seshan RAMASWAMI,
MOHAMED IRSHAD ABBAS ALI,Mohamed Irshad ABBAS ALI,
MOK WENG SAM,Mok Weng SAM,
"MOK, HENG NGEE","MOK, Heng Ngee",
MUHAMMED AMEER S/O MOHAMED NOOR,Muhammed Ameer So Mohamed NOOR,
MUHAMMED AMEER SO MOHAMED NOOR,Muhammed Ameer So Mohamed NOOR,
MURPHY CHOY JUNYU,Murphy CHOY Junyu,
MYONG SUNHA,MYONG Sunha,
,Michael GAN Tin Hua,
NADJA ALEXANDER,Nadja ALEXANDER,
"NAH, FIONA FUI-HOON","NAH, Fiona Fui-Hoon",
NANDAKUMAR PONNIYA,Nandakumar PONNIYA,
NANETTE RYAN,Nanette RYAN,
NARAE LEE,Narae LEE,
NATHAN PENG,Nathan PENG,
NELSON LAU,Nelson LAU,
NEO AIK CHEONG,NEO Aik Cheong,
NEO KIN KAH,NEO Kin Kah,
NEO KOK BENG,NEO Kok Beng,
NEO POH LING,NEO Poh Ling,
NEO SHI LING,NEO Shi Ling,
NEO THIAM SOON,NEO Thiam Soon,
NG BENG LIM,NG Beng Lim,
NG BO LIN,NG Bo Lin,
NG CHENG HWA,NG Cheng Hwa,
NG KIM BENG,NG Kim Beng,
NG RUIMIN,NG Ruimin,
NG SAI YING,NG Sai Ying,
NG TENG KUAN,NG Teng Kuan,
NG WAI KING,NG Wai King,
NG XU WEN,NG Xu Wen,
NG YOUYI,Charles Ng,
"NG YOUYI, CHARLES",Charles Ng,
NGO CHONG WAH,NGO Chong Wah,
NGOEI WEN-QING,NGOEI Wen-Qing,
NGUYEN HOANG BAO MY,NGUYEN Hoang Bao My,
NGUYEN SINH VUONG,NGUYEN Sinh Vuong,
NGUYEN THIEN DUC,NGUYEN Thien Duc,
NGUYEN TRAN BAO PHUONG,NGUYEN Tran Bao Phuong,
NICHOLAS TAN CHEE HIANG,TAN Chee Hiang Nicholas,
NICK CHIAM,Nick CHIAM,
NICOLA HELEN GREEN,Nicola Helen GREEN,
NICOLAS L. JACQUET,Nicolas L. JACQUET,
NICOLAS LAURENT JACQUET,Nicolas L. JACQUET,
NILOOFAR ABOLFATHI,Niloofar ABOLFATHI,
NILOTPAL JHA,Nilotpal JHA,
NINA SIROLA,Nina SIROLA,
NINA TAN,Nina TAN,
NIRMALYA KUMAR,Nirmalya KUMAR,
NOEMI CHAW,Noemi CHAW,
NORA SAHEER,Nora SAHEER,
NORMAN LI,Norman LI,
NYAN TUN ZAW,Nyan Tun Zaw,
NYDIA REMOLINA LEON,Nydia REMOLINA LEON,
OH SE KYOUNG,OH Se Kyoung,
OHJAE GOWEN,Ohjae GOWEN,
OKKAR KYAW,Okkar Kyaw,
OMER SARITAC,Omer SARITAC,
ONG CHONG JIN,ONG Chong Jin,
ONG EE ING,ONG Ee Ing,
ONG SIOW HENG,ONG Siow Heng,
ONG YONG ZHENG,ONG Yong Zheng,
"ONG, BENJAMIN JOSHUA","ONG, Benjamin Joshua",
ONUR BOYABATLI,Onur BOYABATLI,
ONUR ULAS INCE,Onur Ulas INCE,
OOI BOON PENG,OOI Boon Peng,
OOI HUEY HIEN,OOI Huey Hien,
ORKUN AKSELI,Orkun AKSELI,
ORLANDO WOODS,Orlando WOODS,
OUH ENG LIEH,OUH Eng Lieh,
OUYANG XIN,Ouyang XIN,
PANCHALI GUHA,Panchali GUHA,
PANG ENG FONG,PANG Eng Fong,
,PANG Hwee Hwa,
,PANG Yang Hoong,
PARK HAESOO,PARK Haesoo,
PARK KYUNGJIN,PARK Kyungjin,
PASCALE CRAMA,CRAMA Pascale,
PASHA L. HSIEH,Pasha L. HSIEH,
PATRICIA ANNE SHARMA,Patricia SHARMA,
PATRICIA LUI,Patricia LUI,
PATRICIA SHARMA,Patricia SHARMA,
PATRICK DE OLIVEIRA,Patrick DE Oliveira,
PATRICK OLSEN,Patrick OLSEN,
PATRICK QUINTON-BROWN,Patrick QUINTON-BROWN,
PATRICK TAN SIONG KUAN,Patrick TAN Siong Kuan,
PATRICK THNG,Patrick THNG,
PAUL GRIFFIN,Paul Robert GRIFFIN,
PAUL LIM,Paul LIM,
PAUL LIM HENG LEONG,Paul LIM,
PAUL QUAN,Paul QUAN,
PAUL ROBERT GRIFFIN,Paul Robert GRIFFIN,
PAULIN TAY STRAUGHAN,Paulin Tay STRAUGHAN,
PAULO DANIEL SALLES RAMOS,Paulo Daniel Salles RAMOS,
PAVNEET SINGH BEDI,BEDI Pavneet Singh,
PEARL TAN,Pearl TAN,
PEARLIE KOH,Pearlie KOH,
PEARLIE KOH MING CHOO,Pearlie KOH,
PEARLIE PEH ZHI QI,Pearlie PEH Zhi QI,
PEPITO NONA,"PEPITO, Nona",
"PEPITO, NONA","PEPITO, Nona",
PETER C. B. PHILLIPS,Peter C. B. PHILLIPS,
PETER PHILLIPS,Peter C. B. PHILLIPS,
PETRINA TEE,Petrina TEE,
PHAN SHIAW HWA JASON,PHAN Shiaw Hwa Jason,
PHANG SOCK YONG,PHANG Sock Yong,
"PHANG, RACHEL","PHANG, Rachel",
PHILIP CHARLES ZERRILLO,Philip Charles ZERRILLO,
PHILIP TAN,Philip TAN,
PHILLIPS LOH,Phillips LOH,
PHOEBE SEOW SU KIAN,Phoebe SEOW Su Kian,
PHOON KOK FAI,PHOON Kok Fai,
PHUA KUAN HUA,PHUA Kuan Hua,
PINAR DARENDELI,Pinar DARENDELI,
PIUS LEE,Pius LEE,
PRADEEP REDDY VARAKANTHAM,Pradeep Reddy VARAKANTHAM,
PRADEEP VARAKANTHAM,Pradeep Reddy VARAKANTHAM,
PRASART JONGJAROENKAMOL,Prasart JONGJAROENKAMOL,
PREM GURBANI,Prem GURBANI,
PRESTON WONG,Preston WONG,
Q FORREST ZHANG,Q Forrest ZHANG,
QIAN TANG,Qian TANG,
QIU YUE,QIU Yue,
"QUEK ANDERSON, DORCAS","QUEK Anderson, Dorcas",
,Qi YU,
RACHEL PHANG,"PHANG, Rachel",
RACHEL TAN XI'EN,Rachel TAN Xien,
RACHEL TAN XIEN,Rachel TAN Xien,
RAFAEL J. BARROS,Rafael J. BARROS,
RAFAEL LEAL-ARCAS,Rafael LEALARCAS,
RAFAEL LEALARCAS,Rafael LEALARCAS,
RAHUL NARNINDI,Rahul NARNINDI,
RAJAH KUMAR,Rajah KUMAR,
RAJESH KRISHNA BALAN,Rajesh Krishna BALAN,
RAMANATHAN KIRUTHIKA,Kiruthika RAMANATHAN,
RAMAPRASAD RAMAKRISHNAN,Ramaprasad RAMAKRISHNAN,
RANDALL E. DURAN,Randall E. DURAN,
RANDALL EUGENE DURAN,Randall E. DURAN,
RANI TAN,TAN Rani,
RATHNA N KOMAN,Rathna N KOMAN,
RATHNA N. KOMAN,Rathna N KOMAN,
RAYMOND TEO,Raymond TEO,
REDDI KOTHA,Reddi KOTHA,
REDDI RAYALU KOTHA,Reddi KOTHA,
RENNIE WHANG,Rennie WHANG,
RICHARD CROWLEY,Richard CROWLEY,
RICK SMITH,Rick SMITH,
RICKS JACOB,"RICKS, Jacob",
"RICKS, JACOB","RICKS, Jacob",
ROBERT DENG HUIJIE,Robert H DENG,
ROBERT H DENG,Robert H DENG,
ROGER LOH,Roger LOH,
ROGER LOW,Roger LOW,
RONALD BLEDOW,BLEDOW Ronald,
RONALD TAY,Ronald TAY,
RONG WANG,WANG Rong,
RONG YING,Rong YING,
ROSIANA NATALIE,Rosiana NATALIE,
ROSIE CHING,Rosie CHING,
ROXANE DESMICHT,Roxane DESMICHT,
ROY CHUA,Roy CHUA,
RUBY LEE,Ruby LEE,
RUTH CHIANG,Ruth CHIANG,
,Rachel TAN Yi,
,Rajendra K SRIVASTAVA,
,Richard DAVIS,
,Robert J. KAUFFMAN,
,Roberto S MARIANO,
S N VENKAT,S N Venkat,
SABINE BENOIT,Sabine BENOIT,
SACHIN GUPTA,Sachin GUPTA,
SAHRI BIN MD SALLEH,Sahri Bin Md SALLEH,
SAM LIEW,Sam LIEW,
SAM PHOEN,Sam PHOEN,
SAMUEL BECHER,Samuel BECHER,
SAMUEL NG,Samuel NG,
SAMUEL TAN,Samuel TAN,
SANDEEP R. CHANDUKALA,Sandeep R. CHANDUKALA,
SANDEEP SHARMA,Sandeep SHARMA,
SANDEEP SINGH,Sandeep SINGH,
SANJAY PANJABI,Sanjay Panjabi,
SANTOSH KUMAR,Santosh KUMAR,
SARALA SUBRAMANIAM,Sarala SUBRAMANIAM,
SAW CHENG LIM,SAW Cheng Lim,
SAW TENG SHENG,SAW Teng Sheng,
SAY GUI DENG,SAY Gui Deng,
SAYD RANDLE,Sayd RANDLE,
SEAH PEI SONG,SEAH Pei Song,
SEAN LAM,Sean LAM,
SEBASTIAN DETTMAN,Sebastian DETTMAN,
SEEMA CHOKSHI,Seema CHOKSHI,
SEO JI YUN,SEO Ji Yun,
SEOW POH SUN,SEOW Poh Sun,
SERENA GOH,Serena GOH,
SERENA LIM,Serena LIM,
SESHAN RAMASWAMI,Seshan RAMASWAMI,
SEULKI LEE,Seulki LEE,
SHAMALA RAMAKRESININ,Shamala RAMAKRESININ,
SHANE RYAN,Shane RYAN,
SHANG BOTONG,SHANG Botong,
SHANTANU BHATTACHARYA,Shantanu BHATTACHARYA,
SHAO JIANHUA,Shao JIANHUA,
SHAPHAN HARUN,Shaphan HARUN,
SHAR LWIN KHIN,SHAR Lwin Khin,
SHARAFALI MOOSA,Sharafali MOOSA,
SHAUN WONG,Shaun WONG,
SHAWN ANG DE XIAN,Shawn ANG De Xian,
SHE ZHAOWEI,SHE Zhaowei,
SHEILA WEE XI RUI,Sheila WEE Xi Rui,
SHEREEN FATIMAH,Shereen FATIMAH,
SHILPA MADAN,Shilpa MADAN,
SHIRISH RANGNEKAR,Shirish RANGNEKAR,
SHIRLEY HUANG JUNYING,Shirley HUANG Junying,
SHRIHARI MAHALE,Shrihari MAHALE,
SHRIRAM JAYAKUMAR,Shriram JAYAKUMAR,
SHUNA KHOO SHI ANN,Shuna KHOO Shi Ann,
SHUROJIT CHATTERJI,Shurojit CHATTERJI,
SHYAMALA DEENATHAYALAN,Shyamala DEENATHAYALAN,
SIAN EIRA JAY,Sian Eira JAY,
"SIAU, KENG LENG","SIAU, Keng Leng",
SIM CHER BOON,SIM Cher Boon,
SIMON SCHILLEBEECKX,Simon SCHILLEBEECKX,
SIN HARNG LUH,Sin Harng LUH,
SIRAJ IQBAL,Siraj IQBAL,
SIRI RAMASWAMI,Siri RAMASWAMI,
SIRIWAN CHUTIKAMOLTHAM,Siriwan CHUTIKAMOLTHAM,
SM MUSA,SM Musa,
SOH KIAN PENG,SOH Kian Peng,
SOMI SHIN,Somi SHIN,
SONG CHANGCHENG,SONG Changcheng,
SONNY ROSENTHAL,Sonny ROSENTHAL,
SOON HUI SHIN VIVIEN,Vivien SOON,
SOON JIAN WEI,SOON Jian Wei,
"SOON JIAN WEI, JOEL",SOON Jian Wei,
SOVAN PATRA,Sovan PATRA,
SRINIVAS K REDDY,Srinivas K. REDDY,
SRINIVAS K. REDDY,Srinivas K. REDDY,
STEFAN MORKOETTER,Stefan MORKOETTER,
STEFANIE SCHACHERER,Stefanie SCHACHERER,
STEFFI YUREE TEDJO,Steffi Yuree TEDJO,
STELLA PARK,Stella PARK,
STEPHANIE BURRIDGE,Stephanie BURRIDGE,
STEPHEN BULL,Stephen BULL,
STEPHEN CHING,Stephen CHING,
STEPHEN LEE,Stephen LEE,
STERLING HUANG,Sterling HUANG,
STEVEN BURIK,Steven BURIK,
STEVEN C.H. HOI,Steven HOI,
STEVEN CHONG,Steven CHONG,
STEVEN HOI,Steven HOI,
SU JIN CHANDRAN,SU Jin Chandran,
SU YIN YOONG,SU Yin Yoong,
SUBADEVAN S/O MAHADEVAN,Subadevan So MAHADEVAN,
SUBADEVAN SO MAHADEVAN,Subadevan So MAHADEVAN,
SUBHAJIT DATTA,Subhajit DATTA,
SUI YI SIONG,SUI Yi Siong,
SUKSRI LUMPRASERT,Suksri LUMPRASERT,
SUM YEE LOONG,SUM Yee Loong,
SUMATHI KRISHNA,Sumathi KRISHNA,
SUN JIAN,SUN Jian,
SUN JUN,SUN Jun,
SUN QIANRU,SUN Qianru,
SUNGJONG ROH,Sungjong ROH,
SUNIL JIWATRAM DADLANI,Sunil Jiwatram DADLANI,
SUSHEELA VARGHESE,Susheela VARGHESE,
SWAPNA GOTTIPATI,Swapna GOTTIPATI,
SWAPNIL MISHRA,Swapnil MISHRA,
SWARNALATHA ASHOK,Swarnalatha ASHOK,
SWAVEK WLODKOWSKI,Swavek WLODKOWSKI,
SWETHA GOTTIPATI,Swetha GOTTIPATI,
SYED MUHAMMAD HAFIZ BIN SYED NASIR,Syed Muhammad Hafiz Bin Syed NASIR,
SZE TIAM LIN,SZE Tiam Lin,
,Shaphan NG,
,Steven MILLER,
,Subhangshu DUTT,
,Sun Sun LIM,
TA NGUYEN BINH DUONG,TA Nguyen Binh Duong,
TAKASHI KUNIMOTO,Takashi KUNIMOTO,
TAMAS MAKANY,Tamas MAKANY,
TAN AH HWEE,TAN Ah Hwee,
TAN BOON ANN,TAN Boon Ann,
TAN BOON HENG,TAN Boon Heng,
TAN CHEE HIANG NICHOLAS,TAN Chee Hiang Nicholas,
TAN CHER KIAN,TAN Cher Kian,
TAN CHIA MIEN,TAN Chia Mien,
TAN CHIN TIONG,TAN Chin Tiong,
TAN CHOR HOONG,TAN Chor Hoong,
TAN HWEE HOON,TAN Hwee Hoon,
TAN HWEE PINK,TAN Hwee Pink,
TAN HWEE XIAN,TAN Hwee Xian,
TAN JENNY,TAN Jenny,
TAN KAI LIN,TAN Kai Lin,
"TAN KAI LIN, LYNN",TAN Kai Lin,
TAN KAR WAY,TAN Kar Way,
TAN KHENG LEONG,TAN Kheng Leong,
TAN KIM SONG,TAN Kim Song,
TAN LAY KHIM,TAN Lay Khim,
TAN PANG JIN,TAN Pang Jin,
TAN POH CHOO,TAN Poh Choo,
TAN RANI,TAN Rani,
TAN SEOW HON,TAN Seow Hon,
TAN SOR HOON,TAN Sor Hoon,
TAN SWEE LIANG,TAN Swee Liang,
TAN WEE LIANG,TAN Wee Liang,
TAN WEI PENG,TAN Wei Peng,
"TAN WEI PENG, BRIAN",TAN Wei Peng,
TAN YOO GUAN,TAN Yoo Guan,
,TAN Yi Ying,
TANG BEK WUAY,TANG Bek Wuay,
TANG HANG WU,TANG Hang Wu,
TANG HONG WEE,TANG Hong Wee,
TANG NINGYU,TANG Ningyu,
TANG QIAN,Qian TANG,
TANG TONY,"TANG, Tony",
"TANG, TONY","TANG, Tony",
TAO YUBO,TAO Yubo,
TAY SWEE YUAN,TAY Swee Yuan,
TAY WEI SHENG,TAY Wei Sheng,
"TAY WEI SHENG, PATRICK",TAY Wei Sheng,
TAY YONG SENG,TAY Yong Seng,
TED FEICHIN TSCHANG,Ted TSCHANG,
TED TSCHANG,Ted TSCHANG,
TEE CHONG YU,Tee Chong Yu,
TEE CHYNG WEN,TEE Chyng Wen,
TERENCE ANG,Terence ANG,
TERENCE FAN,Terence FAN,
TERENCE FAN PING-CHING,Terence FAN,
TERENCE YEO,Terence YEO,
TERRY VAN GEVELT,Terry VAN GEVELT,
THAM CHEE HO,THAM Chee Ho,
THAM TZE MINN,"THAM, Tze Minn Mandy",
"THAM, TZE MINN MANDY","THAM, Tze Minn Mandy",
THANUSHA RAJ,Thanusha RAJ,
THE SHAO YANN BENEDICT,THE Shao Yann Benedict,
THEMIN SUWARDY,Themin SUWARDY,
THIA SIM PENG,THIA Sim Peng,
THIA ZHANG JIE,THIA Zhang Jie,
THIVYA KANDAPPU,Thivya KANDAPPU,
THOMAS ALLARD,Thomas ALLARD,
THOMAS MENKHOFF,Thomas MENKHOFF,
TIMOTHY CHAN,Timothy CHAN,
TIMOTHY CHENG,Timothy CHENG,
TIMOTHY CLARK,Timothy CLARK,
TING YONG HONG,TING Yong Hong,
TIONG TECK WEE,Tiong Teck WEE,
TOH KIAN SING,TOH Kian Sing,
TOLMAS WONG,Tolmas WONG,
TOMOKI FUJII,Tomoki FUJII,
TONG YI LIN,Tong Yi LIN,
"TONG YI LIN, EILEEN",Tong Yi LIN,
TONY SEE,Tony SEE,
TONY WONG,Tony WONG,
TONYA TAN,Tonya TAN,
TORU YOSHIKAWA,Toru YOSHIKAWA,
TRACEY ZHANG CHUNQI,Tracey ZHANG Chunqi,
TRACY LOH,Tracy LOH,
TRUDI CHONG,Trudi CHONG,
TRUONG QUOC TUAN,TRUONG Quoc Tuan,
TSAI MING-HONG,TSAI Ming-Hong,
TSE YIU KUEN,TSE Yiu Kuen,
"TSE, JUSTIN K","TSE, Justin K",
TU JUN,TU Jun,
"VADERA, ABHIJEET K.","VADERA, Abhijeet K.",
VAKHO GIORGADZE,Vakho GIORGADZE,
VANDANA ADVANI,Vandana Ramesh ADVANI,
VANDANA RAMACHANDRA RAO,Vandana Ramachandra RAO,
VANDANA RAMESH ADVANI,Vandana Ramesh ADVANI,
VARDAAN CHAWLA,Vardaan CHAWLA,
VARELLA GINO LEE,Varella Gino LEE,
VENKAT,S N Venkat,
VENKY SHANKARARAMAN,Venky SHANKARARAMAN,
VICTOR GOH,Victor GOH,
VICTOR OCAMPO,Victor OCAMPO,
VICTOR ONG,Victor ONG,
VIDHYA LOGENDRAN,Vidhya LOGENDRAN,
VINCENT OH YAN MING,Vincent OH Yan Ming,
VINCENT OOI,Vincent OOI,
VINEETHA NAIR,Vineetha NAIR,
VINIKA DEVASAR RAO,Vinika Devasar RAO,
VINIT MISHRA,Vinit MISHRA,
VIVIEN KOH,Vivien KOH,
VIVIEN SOON,Vivien SOON,
VU HOANG PHUONG QUE,VU Hoang Phuong Que,
VU VAN HUNG,VU Van Hung,
WALTER WOON,Walter WOON,
WAN GUOHUA,WAN Guohua,
WANG HAI,WANG Hai,
WANG HELI,WANG Heli,
WANG JIWEI,WANG Jiwei,
WANG LIANGYAN,WANG Liangyan,
WANG QIUHONG,WANG Qiuhong,
WANG RENCHENG,WANG Rencheng,
WANG RONG,WANG Rong,
WANG SHENGYU,WANG Shengyu,
WANG WEI MUN,WANG Wei Mun,
WANG XINRUN,WANG Xinrun,
WANG YEAN SUNG,WANG Yean Sung,
WANG YICHEN,WANG Yichen,
WANG YONG,WANG Yong,
WANG ZHAOXIA,WANG Zhaoxia,
WARREN B. CHIK,Warren B. CHIK,
WAYNE SOO,Wayne SOO,
WAYNE WONG,Wayne WONG,
WEE KWAN ENG,WEE Kwan Eng,
WEE XUE TING,WEE Xue Ting,
WEI CHI SHEN,WEI Chi Shen,
WEI GAO,Wei GAO,
WEIKAI LI,Weikai LI,
WENDY TAN,Wendy TAN,
WHITNEY ZHANG,"Whitney, ZHANG Wei",
"WHITNEY, ZHANG WEI","Whitney, ZHANG Wei",
WILLIAM A. CALLAHAN,"CALLAHAN, William A.",
WILLIAM FONG,William FONG,
WILLIAM KOO,William KOO,
WILLIAM LUCY,William LUCY,
WILLIAM TOV,William TOV,
WILLOW WONG,Willow WONG,
WILSON TENG,Wilson TENG,
WINNIE LOH,Winnie LOH,
WINSTON CHOW,Winston CHOW,
WONG CHEE CHEIN,WONG Chee Chein,
WONG DAN CHI,WONG Dan Chi,
WONG FOT CHYI,WONG Fot Chyi,
WONG LI DE,WONG Li De,
"WONG LI DE, BRIAN",WONG Li De,
WONG MAY EE,WONG May Ee,
WONG OI MEI,WONG Oi Mei,
WONG SOONG MENG,WONG Soong Meng,
WONG SUAY PENG,WONG Suay Peng,
WONG TIONG KIAT,WONG Tiong Kiat,
WONG YUET NAN,WONG Yuet Nan,
WU MIN,WU Min,
WU ZHENGXIAO,WU Zhengxiao,
WYNTER LAURA,Wynter LAURA,
XIAO ZHE,XIAO Zhe,
XIE LUQUN,XIE Luqun,
XIE TIAN,XIE Tian,
XIE XIAOFEI,XIE Xiaofei,
XIN CHEN,Xin CHEN,
XU JIANHUAN,XU Jianhuan,
,XU Liang,
XU PENG,XU Peng,
XU YIXIN,XU Yixin,
XUE JINGYI,XUE Jingyi,
"XUE, HAIYANG","XUE, Haiyang",
YAN YUEMING,YAN Yueming,
YANG CHENYING,YANG Chenying,
YANG GUOMIN,YANG Guomin,
YANG HWAJIN,YANG Hwajin,
YANG XIAOYAN,YANG Xiaoyan,
YANG ZHENLIN,YANG Zhenlin,
YANGFANG (HELEN) ZHOU,Yangfang (Helen) Zhou,
YAO TIANHAO,YAO Tianhao,
YAP LIN FENG,YAP Lin Feng,
YASMIN HANNAH RAMLE,Yasmin Hannah RAMLE,
YASMIN ORTIGA,Yasmin ORTIGA,
YASMINE WONG,Yasmine Wong,
YEA HEE KO,"KO, Yea Hee",
YEO KENG LEONG,YEO Keng Leong,
YEO LAY HWEE,YEO Lay Hwee,
YEO SU LIN,YEO Su Lin,
YEO TIONG MIN,YEO Tiong Min,
YEO WEE LOON,YEO Wee Loon,
YI XIN,YI Xin,
YICHONG ZHANG,Yichong ZHANG,
YIN WANG,Yin WANG,
YIP MAN,YIP Man,
YONG HSIN NING,YONG Hsin Ning,
YOUNG JUN CHO,"CHO, Young Jun",
YU JUN,YU Jun,
YU QI,Qi YU,
YU SUN,YU Sun,
,YU Yang,
"YU, SHIHAO","YU, Shihao",
YUAN MEI,MEI Yuan,
YUANTO KUSNADI,Yuanto KUSNADI,
YUE HENG,YUE Heng,
YUESHEN,"Yueshen, Bart ZHOU",
"YUESHEN, BART ZHOU","Yueshen, Bart ZHOU",
YULIYA DZYUBAN,Yuliya DZYUBAN,
YUNGHANS IRAWAN,Yunghans IRAWAN,
YUSRI SUPIYAN,Yusri SUPIYAN,
ZANG YOONSEOK,ZANG Yoonseok,
ZELLER ALAN WILLIAM,Alan ZELLER,
ZENG QINGLI,ZENG Qingli,
"ZENG, QINGLI",ZENG Qingli,
ZHANG CE,ZHANG Ce,
ZHANG HONG,ZHANG Hong,
"ZHANG MAN, CYNDI","ZHANG Man, Cyndi",
ZHANG WEI,ZHANG Wei,
ZHANG XUAN,ZHANG Xuan,
ZHANG YAJIE,ZHANG Yajie,
ZHANG YICHONG,Yichong ZHANG,
ZHANG YUYING,ZHANG Yuying,
ZHANG ZHENJIE,ZHANG Zhenjie,
ZHANG ZHIYUAN,ZHANG Zhiyuan,
"ZHANG, CE",ZHANG Ce,
ZHAO YIBAO,ZHAO Yibao,
ZHAO YILIANG,ZHAO Yiliang,
ZHENG BAIHUA,ZHENG Baihua,
ZHENG HUAN,ZHENG Huan,
ZHENG ZHICHAO,ZHENG Zhichao Daniel,
ZHENG ZHICHAO DANIEL,ZHENG Zhichao Daniel,
"ZHENG ZHICHAO, DANIEL",ZHENG Zhichao Daniel,
ZHIZE LI,Zhize LI,
ZHOU KANKAN,ZHOU Kankan,
ZHOU PAN,ZHOU Pan,
ZHOU YU XUAN,"ZHOU Yu Xuan, Sophia",
"ZHOU YU XUAN, SOPHIA","ZHOU Yu Xuan, Sophia",
ZHOU YULIANG,ZHOU Yuliang,
ZHOU ZIMU,ZHOU Zimu,
ZHU FEIDA,ZHU Feida,
ZHUANG WUBIN,ZHUANG Wubin,
ZSUZSA REKA HUSZAR,Zsuzsa Reka HUSZAR,
